reminderID,scheduledTime,firstName,lastName,city,country
1106,"2024-11-07 06:50:04",Peyton,Johnson,Calgary,Canada
166,"2024-11-14 09:33:28",Casey,Wilson,Calgary,Canada
1569,"2024-11-20 17:08:03",Riley,Lee,Calgary,Canada
296,"2024-11-15 03:09:55",Harper,Wright,Calgary,Canada
1584,"2024-11-25 14:30:37",Harper,Wilson,Calgary,Canada
1928,"2024-11-10 05:20:10",Quinn,Scott,Calgary,Canada
169,"2024-11-23 05:59:32",Harper,King,Calgary,Canada
226,"2024-11-23 03:30:01",Jordan,Adams,Calgary,Canada
943,"2024-11-25 19:57:40",Harper,Wright,Calgary,Canada
1026,"2024-11-14 02:18:42",Peyton,Young,Calgary,Canada
425,"2024-11-23 05:45:46",Peyton,Clark,Calgary,Canada
764,"2024-11-07 15:36:18",Drew,Wilson,Calgary,Canada
1338,"2024-11-28 05:17:28",Drew,Lee,Calgary,Canada
1562,"2024-11-02 23:33:08",Jordan,Adams,Calgary,Canada
1708,"2024-11-17 20:45:09",Jordan,Brown,Calgary,Canada
1983,"2024-11-30 02:19:24",Jordan,Baker,Calgary,Canada
